{"cameraMode":{"drawMode":0,"name":"Shaded","section":"Shading Mode"},"sceneLighting":true,"audioPlay":false,"sceneViewState":{"showFog":false,"showMaterialUpdate":false,"showSkybox":false,"showFlares":false,"showImageEffects":false,"showParticleSystems":false},"in2DMode":false,"pivot":{"x":3.8499999046325685,"y":0.2409999668598175,"z":20.80699920654297},"rotation":{"x":-0.11312083899974823,"y":-0.3997427225112915,"z":0.049767788499593738,"w":-0.9082852602005005},"size":10.0,"orthographic":true}