{"cameraMode":{"drawMode":0,"name":"Shaded","section":"Shading Mode"},"sceneLighting":true,"audioPlay":false,"sceneViewState":{"showFog":false,"showMaterialUpdate":false,"showSkybox":false,"showFlares":false,"showImageEffects":false,"showParticleSystems":false},"in2DMode":false,"pivot":{"x":3.8499999046325685,"y":0.5072721242904663,"z":20.80699920654297},"rotation":{"x":-0.38851460814476015,"y":0.16394609212875367,"z":-0.07046838104724884,"w":-0.9040237665176392},"size":1.481473684310913,"orthographic":true}