{"cameraMode":{"drawMode":0,"name":"Shaded","section":"Shading Mode"},"sceneLighting":true,"audioPlay":false,"sceneViewState":{"showFog":false,"showMaterialUpdate":false,"showSkybox":false,"showFlares":false,"showImageEffects":false,"showParticleSystems":false},"in2DMode":false,"pivot":{"x":3.8499999046325685,"y":0.5072721242904663,"z":20.80699920654297},"rotation":{"x":-0.1336468607187271,"y":-0.6306999325752258,"z":0.11143859475851059,"w":-0.7562900185585022},"size":1.481473684310913,"orthographic":true}