{"cameraMode":{"drawMode":0,"name":"Shaded","section":"Shading Mode"},"sceneLighting":true,"audioPlay":false,"sceneViewState":{"showFog":false,"showMaterialUpdate":false,"showSkybox":false,"showFlares":false,"showImageEffects":false,"showParticleSystems":false},"in2DMode":false,"pivot":{"x":3.8499999046325685,"y":0.5072721242904663,"z":20.8799991607666},"rotation":{"x":0.435830295085907,"y":-0.3271418511867523,"z":0.17383889853954316,"w":0.8202720880508423},"size":2.395305633544922,"orthographic":true}